Id,Predicted
0,movie.starring.actor
1,movie.starring.actor
2,movie.starring.actor
3,movie.starring.actor
4,movie.starring.actor
5,movie.starring.actor
6,movie.starring.actor
7,movie.starring.actor
8,movie.starring.actor
9,movie.starring.actor
10,movie.starring.actor
11,movie.starring.actor
12,movie.starring.actor
13,movie.starring.actor
14,movie.starring.actor
15,movie.starring.actor
16,movie.starring.actor
17,movie.starring.actor
18,movie.starring.actor
19,movie.genre
20,movie.starring.actor
21,movie.starring.actor
22,movie.starring.actor
23,movie.starring.actor
24,movie.starring.actor
25,movie.starring.actor
26,movie.starring.actor
27,movie.starring.actor
28,movie.starring.actor
29,movie.starring.actor
30,movie.starring.actor
31,movie.starring.actor
32,movie.starring.actor
33,movie.starring.actor
34,none
35,movie.starring.actor
36,movie.starring.actor
37,movie.starring.actor
38,movie.starring.actor
39,movie.starring.actor
40,movie.starring.actor
41,movie.starring.actor
42,movie.starring.actor
43,movie.starring.actor
44,movie.starring.actor
45,movie.starring.actor
46,movie.starring.actor
47,movie.starring.actor
48,movie.starring.actor
49,movie.starring.actor
50,movie.starring.actor
51,movie.starring.actor
52,movie.starring.actor
53,movie.starring.actor
54,movie.starring.actor
55,movie.starring.actor
56,movie.starring.actor
57,movie.starring.actor
58,movie.starring.actor
59,none
60,movie.starring.actor
61,movie.starring.actor
62,movie.starring.actor
63,movie.starring.actor
64,movie.starring.actor
65,movie.starring.actor
66,movie.starring.actor
67,movie.starring.actor
68,movie.starring.actor
69,movie.starring.actor
70,none
71,movie.starring.actor
72,movie.starring.actor
73,movie.starring.actor
74,movie.starring.actor
75,movie.starring.actor
76,movie.starring.actor
77,movie.starring.actor
78,movie.starring.actor
79,movie.starring.actor
80,movie.starring.actor
81,movie.starring.actor
82,movie.starring.actor
83,none
84,movie.starring.actor
85,movie.starring.actor
86,movie.starring.actor
87,movie.starring.actor
88,movie.starring.actor
89,movie.starring.actor
90,movie.starring.actor
91,movie.starring.actor
92,movie.starring.actor
93,movie.starring.actor
94,movie.starring.actor
95,movie.starring.actor
96,movie.starring.actor
97,movie.starring.actor
98,movie.starring.actor
99,movie.starring.actor
100,movie.starring.actor
101,movie.starring.actor
102,movie.starring.actor
103,movie.starring.actor
104,none
105,movie.starring.actor
106,movie.starring.actor
107,movie.starring.actor
108,none
109,movie.starring.actor
110,movie.starring.actor
111,movie.starring.actor
112,movie.starring.actor
113,movie.starring.actor
114,movie.starring.actor
115,movie.starring.actor
116,movie.starring.actor
117,movie.starring.actor
118,movie.starring.actor
119,movie.starring.actor
120,movie.starring.actor
121,movie.starring.actor
122,movie.starring.actor
123,movie.starring.actor
124,movie.directed_by
125,movie.starring.actor
126,movie.starring.actor
127,movie.starring.actor
128,movie.starring.actor
129,movie.starring.actor
130,movie.starring.actor
131,movie.starring.actor
132,movie.starring.actor
133,movie.estimated_budget
134,movie.estimated_budget
135,movie.estimated_budget
136,movie.estimated_budget
137,movie.estimated_budget
138,movie.estimated_budget
139,movie.estimated_budget
140,movie.estimated_budget
141,movie.estimated_budget
142,movie.estimated_budget
143,movie.estimated_budget
144,movie.estimated_budget
145,movie.estimated_budget
146,movie.estimated_budget
147,movie.estimated_budget
148,movie.estimated_budget
149,movie.estimated_budget
150,movie.estimated_budget
151,movie.estimated_budget
152,movie.estimated_budget
153,movie.estimated_budget
154,movie.estimated_budget
155,movie.estimated_budget
156,movie.estimated_budget
157,movie.estimated_budget
158,movie.estimated_budget
159,movie.estimated_budget
160,movie.estimated_budget
161,movie.estimated_budget
162,movie.estimated_budget
163,movie.estimated_budget
164,movie.estimated_budget
165,movie.estimated_budget
166,movie.estimated_budget
167,movie.estimated_budget
168,movie.estimated_budget
169,movie.estimated_budget
170,movie.estimated_budget
171,movie.estimated_budget
172,movie.estimated_budget
173,movie.estimated_budget
174,movie.estimated_budget
175,movie.estimated_budget
176,movie.estimated_budget
177,movie.estimated_budget
178,movie.estimated_budget
179,movie.estimated_budget
180,movie.estimated_budget
181,movie.estimated_budget
182,movie.estimated_budget
183,movie.estimated_budget
184,movie.estimated_budget
185,movie.estimated_budget
186,movie.estimated_budget
187,movie.estimated_budget
188,movie.estimated_budget
189,movie.estimated_budget
190,movie.estimated_budget
191,movie.estimated_budget
192,movie.estimated_budget
193,movie.estimated_budget
194,movie.estimated_budget
195,movie.estimated_budget
196,movie.estimated_budget
197,movie.estimated_budget
198,movie.estimated_budget
199,movie.starring.actor
200,movie.starring.actor
201,movie.produced_by
202,movie.production_companies
203,movie.directed_by
204,movie.starring.actor
205,movie.produced_by
206,movie.produced_by
207,movie.directed_by
208,movie.starring.actor
209,movie.directed_by
210,movie.directed_by
211,movie.starring.actor
212,movie.directed_by
213,movie.starring.actor
214,movie.directed_by
215,movie.directed_by
216,movie.produced_by
217,movie.directed_by
218,movie.directed_by
219,movie.starring.actor
220,movie.starring.actor
221,movie.country
222,movie.country
223,movie.country
224,movie.country
225,movie.country
226,movie.country
227,movie.country
228,movie.country
229,movie.country
230,movie.country
231,movie.country
232,movie.country
233,movie.country
234,movie.country
235,movie.country
236,movie.country
237,movie.country
238,movie.country
239,movie.country
240,movie.country
241,movie.country
242,movie.country
243,movie.country
244,movie.country
245,movie.country
246,movie.country
247,movie.country
248,movie.directed_by
249,movie.initial_release_date
250,movie.country
251,movie.country
252,movie.country
253,movie.country
254,movie.country
255,movie.country
256,movie.language
257,movie.language
258,movie.country
259,movie.country
260,movie.country
261,movie.country
262,movie.country
263,movie.country
264,movie.country
265,movie.country
266,movie.initial_release_date
267,movie.initial_release_date
268,movie.initial_release_date
269,movie.initial_release_date
270,movie.initial_release_date
271,movie.initial_release_date
272,movie.initial_release_date
273,movie.initial_release_date
274,movie.initial_release_date
275,movie.initial_release_date
276,movie.initial_release_date
277,movie.initial_release_date
278,movie.initial_release_date
279,movie.initial_release_date
280,movie.initial_release_date
281,movie.initial_release_date
282,movie.initial_release_date
283,movie.initial_release_date
284,movie.initial_release_date
285,movie.initial_release_date
286,movie.initial_release_date
287,movie.initial_release_date
288,movie.initial_release_date
289,movie.initial_release_date
290,movie.initial_release_date
291,movie.initial_release_date
292,movie.initial_release_date
293,movie.initial_release_date
294,movie.initial_release_date
295,movie.initial_release_date
296,movie.initial_release_date
297,movie.initial_release_date
298,movie.initial_release_date
299,movie.initial_release_date
300,movie.initial_release_date
301,movie.initial_release_date
302,movie.initial_release_date
303,movie.initial_release_date
304,movie.initial_release_date
305,movie.initial_release_date
306,movie.initial_release_date
307,movie.initial_release_date
308,movie.initial_release_date
309,movie.initial_release_date
310,movie.initial_release_date
311,movie.initial_release_date
312,movie.initial_release_date
313,movie.initial_release_date
314,movie.initial_release_date
315,movie.initial_release_date
316,movie.initial_release_date
317,movie.initial_release_date
318,movie.initial_release_date
319,movie.initial_release_date
320,movie.initial_release_date
321,movie.initial_release_date
322,movie.initial_release_date
323,movie.initial_release_date
324,movie.initial_release_date
325,movie.initial_release_date
326,movie.initial_release_date
327,movie.initial_release_date
328,movie.initial_release_date
329,movie.initial_release_date
330,movie.initial_release_date
331,movie.initial_release_date
332,movie.initial_release_date
333,movie.initial_release_date
334,movie.initial_release_date
335,movie.initial_release_date
336,movie.initial_release_date
337,movie.initial_release_date
338,movie.initial_release_date
339,movie.initial_release_date
340,movie.initial_release_date
341,movie.initial_release_date
342,movie.initial_release_date
343,movie.initial_release_date
344,movie.initial_release_date
345,movie.initial_release_date
346,movie.initial_release_date
347,movie.initial_release_date
348,movie.initial_release_date
349,movie.initial_release_date
350,movie.initial_release_date
351,movie.initial_release_date
352,movie.initial_release_date
353,movie.initial_release_date
354,movie.initial_release_date
355,movie.initial_release_date
356,movie.initial_release_date
357,movie.initial_release_date
358,movie.initial_release_date
359,movie.initial_release_date
360,movie.initial_release_date
361,movie.initial_release_date
362,movie.initial_release_date
363,movie.initial_release_date
364,movie.initial_release_date
365,movie.initial_release_date
366,movie.initial_release_date
367,movie.initial_release_date
368,movie.initial_release_date
369,movie.initial_release_date
370,movie.initial_release_date
371,movie.initial_release_date
372,movie.initial_release_date
373,movie.initial_release_date
374,movie.initial_release_date
375,movie.initial_release_date
376,movie.initial_release_date
377,movie.initial_release_date
378,movie.initial_release_date
379,movie.initial_release_date
380,movie.initial_release_date
381,movie.initial_release_date
382,movie.initial_release_date
383,movie.initial_release_date
384,movie.initial_release_date
385,movie.initial_release_date
386,movie.initial_release_date
387,movie.initial_release_date
388,movie.initial_release_date
389,movie.initial_release_date
390,movie.initial_release_date
391,movie.initial_release_date
392,movie.initial_release_date
393,movie.initial_release_date
394,movie.initial_release_date
395,movie.initial_release_date
396,movie.initial_release_date
397,movie.initial_release_date
398,movie.initial_release_date
399,movie.initial_release_date
400,movie.directed_by
401,movie.directed_by
402,movie.directed_by
403,movie.directed_by
404,movie.directed_by
405,movie.directed_by
406,movie.directed_by
407,movie.directed_by
408,movie.directed_by
409,movie.directed_by
410,movie.directed_by
411,movie.directed_by
412,movie.directed_by
413,movie.directed_by
414,movie.directed_by
415,movie.directed_by
416,movie.directed_by
417,movie.directed_by
418,movie.directed_by
419,movie.directed_by
420,movie.directed_by
421,movie.directed_by
422,movie.directed_by
423,movie.directed_by
424,movie.directed_by
425,movie.directed_by
426,movie.directed_by
427,movie.directed_by
428,movie.directed_by
429,movie.directed_by
430,movie.directed_by
431,movie.directed_by
432,movie.directed_by
433,movie.directed_by
434,movie.directed_by
435,movie.directed_by
436,movie.directed_by
437,movie.directed_by
438,movie.directed_by
439,movie.directed_by
440,movie.directed_by
441,movie.directed_by
442,movie.directed_by
443,movie.directed_by
444,movie.directed_by
445,movie.directed_by
446,movie.directed_by
447,movie.directed_by
448,movie.directed_by
449,movie.directed_by
450,movie.directed_by
451,movie.directed_by
452,movie.directed_by
453,movie.directed_by
454,movie.directed_by
455,movie.directed_by
456,movie.directed_by
457,movie.directed_by
458,movie.directed_by
459,movie.directed_by
460,movie.directed_by
461,movie.directed_by
462,movie.directed_by
463,movie.directed_by
464,movie.directed_by
465,none
466,none
467,movie.directed_by
468,movie.directed_by
469,none
470,movie.directed_by
471,movie.directed_by
472,movie.directed_by
473,movie.directed_by
474,movie.directed_by
475,movie.directed_by
476,movie.directed_by
477,movie.directed_by
478,movie.produced_by
479,movie.directed_by
480,movie.directed_by
481,movie.directed_by
482,movie.directed_by
483,movie.directed_by
484,movie.directed_by
485,movie.directed_by
486,movie.directed_by
487,movie.directed_by
488,movie.directed_by
489,movie.directed_by
490,movie.directed_by
491,movie.directed_by
492,movie.directed_by
493,movie.directed_by
494,movie.directed_by
495,movie.directed_by
496,movie.directed_by
497,movie.directed_by
498,movie.directed_by
499,movie.directed_by
500,movie.directed_by
501,movie.directed_by
502,movie.directed_by
503,movie.directed_by
504,movie.directed_by
505,movie.directed_by
506,movie.directed_by
507,movie.directed_by
508,movie.directed_by
509,movie.directed_by
510,movie.directed_by
511,movie.directed_by
512,movie.directed_by
513,movie.directed_by
514,movie.directed_by
515,movie.directed_by
516,movie.directed_by
517,movie.directed_by
518,movie.directed_by
519,movie.directed_by
520,movie.directed_by
521,movie.directed_by
522,movie.directed_by
523,movie.directed_by
524,movie.directed_by
525,movie.directed_by
526,movie.directed_by
527,movie.directed_by
528,movie.directed_by
529,movie.directed_by
530,movie.directed_by
531,movie.directed_by
532,movie.directed_by
533,movie.directed_by
534,movie.directed_by
535,movie.directed_by
536,none
537,movie.directed_by
538,movie.directed_by
539,movie.directed_by
540,movie.directed_by
541,movie.directed_by
542,movie.directed_by
543,movie.genre
544,movie.genre
545,movie.genre
546,movie.genre
547,movie.genre
548,movie.genre
549,movie.genre
550,movie.genre
551,movie.genre
552,movie.genre
553,movie.genre
554,movie.genre
555,movie.genre
556,movie.genre
557,movie.genre
558,movie.initial_release_date
559,movie.genre
560,movie.genre
561,movie.genre
562,none
563,movie.genre
564,movie.genre
565,movie.genre
566,movie.genre
567,movie.genre
568,movie.genre
569,movie.genre
570,movie.genre
571,movie.genre
572,movie.genre
573,movie.genre
574,movie.genre
575,movie.genre
576,movie.genre
577,movie.genre
578,movie.genre
579,movie.genre
580,movie.genre
581,movie.genre
582,movie.genre
583,movie.genre
584,movie.genre
585,movie.genre
586,movie.genre
587,movie.genre
588,movie.genre
589,movie.genre
590,movie.genre
591,movie.genre
592,movie.genre
593,movie.genre
594,movie.genre
595,movie.genre
596,movie.genre
597,movie.language
598,movie.directed_by
599,movie.language
600,movie.language
601,movie.language
602,movie.language
603,movie.language
604,movie.language
605,movie.language
606,movie.language
607,movie.language
608,movie.language
609,movie.language
610,movie.language
611,movie.language
612,movie.language
613,movie.language
614,movie.language
615,movie.language
616,movie.language
617,movie.language
618,movie.language
619,movie.language
620,movie.language
621,movie.language
622,movie.language
623,movie.language
624,movie.language
625,movie.language
626,movie.language
627,movie.language
628,movie.language
629,movie.language
630,movie.language
631,movie.language
632,movie.language
633,movie.language
634,movie.language
635,movie.produced_by
636,movie.directed_by
637,movie.country_movie.language
638,movie.country
639,movie.directed_by
640,movie.produced_by
641,movie.country_movie.language
642,movie.country_movie.language
643,movie.rating
644,movie.rating
645,movie.subjects
646,movie.produced_by
647,movie.directed_by
648,movie.directed_by
649,movie.initial_release_date
650,movie.rating
651,movie.rating
652,movie.produced_by
653,movie.genre
654,movie.starring.actor
655,none
656,none
657,none
658,none
659,none
660,none
661,none
662,none
663,none
664,none
665,movie.subjects
666,movie.subjects
667,movie.subjects
668,none
669,movie.starring.actor
670,movie.starring.actor
671,none
672,movie.starring.actor
673,movie.starring.actor
674,movie.starring.actor
675,movie.starring.actor
676,movie.starring.actor
677,movie.starring.actor
678,movie.starring.actor
679,movie.starring.actor
680,movie.starring.actor
681,none
682,movie.starring.actor
683,movie.language
684,movie.language
685,movie.country_movie.language
686,movie.country_movie.language
687,movie.country_movie.language
688,movie.country
689,movie.language
690,movie.language
691,movie.country_movie.language
692,none
693,movie.production_companies
694,movie.directed_by
695,movie.directed_by
696,movie.directed_by
697,movie.starring.actor
698,movie.gross_revenue
699,movie.directed_by
700,none
701,movie.produced_by
702,movie.directed_by
703,none
704,none
705,none
706,none
707,none
708,none
709,none
710,none
711,none
712,none
713,movie.directed_by
714,movie.directed_by
715,movie.directed_by
716,movie.starring.actor
717,movie.produced_by
718,movie.directed_by
719,movie.directed_by
720,movie.directed_by
721,movie.country
722,movie.starring.actor
723,movie.starring.actor
724,movie.starring.actor
725,movie.starring.actor
726,movie.starring.actor
727,movie.produced_by
728,movie.directed_by
729,movie.directed_by
730,movie.directed_by
731,movie.directed_by
732,movie.directed_by
733,movie.directed_by
734,movie.starring.actor
735,movie.rating
736,none
737,movie.rating
738,movie.genre
739,movie.genre
740,movie.genre
741,movie.language
742,movie.language
743,movie.language
744,movie.language
745,movie.language
746,movie.language
747,movie.language
748,movie.country
749,movie.country
750,movie.country
751,movie.country
752,movie.country
753,movie.country
754,movie.country
755,movie.country
756,movie.country
757,movie.country
758,movie.country
759,movie.language
760,movie.genre
761,movie.genre
762,movie.genre
763,movie.genre
764,movie.genre
765,movie.genre
766,movie.genre
767,movie.language
768,movie.genre
769,movie.genre
770,movie.genre
771,movie.genre
772,movie.genre
773,movie.rating
774,movie.genre
775,movie.country_movie.language
776,movie.genre
777,movie.produced_by
778,movie.produced_by
779,movie.starring.actor
780,movie.produced_by
781,movie.country
782,movie.country
783,movie.country
784,none
785,movie.country
786,movie.country
787,movie.country
788,movie.country
789,movie.country
790,movie.country
791,movie.country
792,movie.country
793,movie.country
794,movie.country
795,movie.country
796,movie.country
797,movie.country
798,movie.country
799,movie.country
800,movie.country
801,movie.country
802,movie.language
803,movie.country_movie.language
804,movie.language
805,movie.language
806,movie.language
807,movie.language
808,movie.language
809,movie.language
810,movie.language
811,movie.language
812,movie.language
813,movie.language
814,movie.country
815,movie.country
816,movie.country
817,movie.country
818,movie.country
819,movie.country
820,movie.country
821,movie.country_movie.language
822,movie.language
823,movie.language
824,movie.country_movie.language
825,movie.country_movie.language
826,movie.country_movie.language
827,movie.country_movie.language
828,movie.country_movie.language
829,movie.country_movie.language
830,movie.country_movie.language
831,movie.country_movie.language
832,movie.country_movie.language
833,movie.country_movie.language
834,movie.country_movie.language
835,movie.country_movie.language
836,movie.country_movie.language
837,movie.country_movie.language
838,movie.country_movie.language
839,movie.genre
840,movie.genre
841,movie.genre
842,movie.country_movie.language
843,movie.genre
844,movie.language
845,movie.language
846,movie.language
847,movie.language
848,movie.language
849,movie.language
850,movie.language
851,movie.language
852,movie.language
853,movie.language
854,movie.language
855,movie.language
856,movie.language
857,movie.language
858,movie.language
859,movie.language
860,movie.language
861,movie.produced_by
862,none
863,none
864,none
865,none
866,movie.starring.actor
867,movie.subjects
868,movie.starring.actor
869,movie.country_movie.language
870,movie.subjects
871,movie.subjects
872,movie.subjects
873,movie.subjects
874,movie.subjects
875,movie.subjects
876,movie.subjects
877,movie.subjects
878,movie.subjects
879,movie.subjects
880,movie.subjects
881,movie.subjects
882,movie.subjects
883,movie.subjects
884,movie.subjects
885,movie.subjects
886,movie.subjects
887,movie.directed_by
888,movie.directed_by
889,movie.starring.actor
890,movie.country
891,movie.country
892,movie.country
893,movie.country
894,movie.country
895,movie.country
896,movie.directed_by
897,movie.directed_by
898,movie.language
899,movie.language
900,movie.language
901,movie.language
902,movie.language
903,movie.language
904,movie.language
905,movie.language
906,movie.language
907,movie.language
908,movie.language
909,movie.language
910,movie.language
911,movie.language
912,movie.country
913,movie.country
914,movie.country
915,movie.country_movie.language
916,movie.country_movie.language
917,movie.produced_by
918,movie.production_companies
919,movie.production_companies
920,movie.production_companies
921,movie.production_companies
922,movie.subjects
923,movie.starring.actor
924,movie.production_companies
925,movie.produced_by
926,movie.production_companies
927,movie.production_companies
928,movie.production_companies
929,movie.production_companies
930,movie.genre
931,movie.directed_by
932,none
933,none
934,none
935,none
936,none
937,none
938,none
939,none
940,none
941,none
942,none
943,none
944,none
945,none
946,none
947,none
948,movie.directed_by
949,movie.produced_by
950,movie.produced_by
951,movie.starring.actor
952,movie.starring.actor
953,movie.starring.actor
954,movie.starring.actor
955,movie.rating
956,movie.starring.actor
957,none
958,none
959,none
960,none
961,none
962,none
963,none
964,none
965,none
966,none
967,none
968,none
969,movie.directed_by
970,movie.country
971,movie.starring.actor
972,movie.language
973,movie.language
974,movie.language
975,movie.language
976,movie.country_movie.language
977,none
978,none
979,none
980,none
981,none
982,none
983,movie.directed_by
984,movie.country
985,movie.country
986,movie.country
987,movie.country
988,movie.country
989,movie.country
990,movie.country
991,movie.country
992,movie.country_movie.language
993,movie.country_movie.language
994,movie.country_movie.language
995,movie.country_movie.language
996,movie.country_movie.language
997,movie.country_movie.language
998,movie.country_movie.language
999,movie.country_movie.language
1000,movie.country_movie.language
1001,movie.country_movie.language
1002,movie.language
1003,movie.country_movie.language
1004,movie.language
1005,movie.language
1006,movie.language
1007,movie.country_movie.language
1008,movie.language
1009,movie.country
1010,movie.production_companies
1011,movie.production_companies
1012,movie.starring.actor
1013,movie.starring.actor
1014,movie.starring.actor
1015,movie.subjects
1016,movie.subjects
1017,movie.starring.actor
1018,movie.starring.actor
1019,movie.produced_by
1020,movie.directed_by
1021,movie.directed_by
1022,movie.directed_by
1023,movie.directed_by
1024,movie.starring.actor
1025,movie.directed_by
1026,movie.directed_by
1027,movie.production_companies
1028,movie.production_companies
1029,movie.production_companies
1030,movie.production_companies
1031,movie.production_companies
1032,movie.production_companies
1033,movie.production_companies
1034,movie.subjects
1035,movie.subjects
1036,movie.subjects
1037,movie.subjects
1038,movie.subjects
1039,movie.rating
1040,movie.rating
1041,movie.rating
1042,movie.country
1043,movie.country
1044,movie.produced_by
1045,movie.produced_by
1046,movie.produced_by
1047,movie.directed_by
1048,movie.directed_by
1049,movie.starring.actor
1050,movie.starring.actor
1051,none
1052,movie.genre
1053,movie.produced_by
1054,movie.produced_by
1055,movie.country_movie.language
1056,movie.language
1057,movie.subjects
1058,movie.starring.actor
1059,movie.production_companies
1060,movie.production_companies
1061,movie.production_companies
1062,movie.production_companies
1063,movie.production_companies
1064,movie.production_companies
1065,movie.production_companies
1066,movie.production_companies
1067,movie.production_companies
1068,movie.starring.actor
1069,movie.rating
1070,movie.rating
1071,movie.rating
1072,movie.rating
1073,movie.rating
1074,movie.rating
1075,movie.rating
1076,movie.rating
1077,movie.rating
1078,movie.rating
1079,movie.rating
1080,movie.rating
1081,movie.rating
1082,movie.rating
1083,movie.rating
1084,movie.rating
1085,movie.starring.actor
1086,movie.rating
1087,movie.subjects
1088,movie.rating
1089,movie.rating
1090,movie.rating
1091,movie.rating
1092,movie.rating
1093,movie.rating
1094,movie.directed_by
1095,movie.rating
1096,movie.country_movie.language
1097,movie.rating
1098,movie.rating
1099,movie.rating
1100,movie.rating
1101,movie.rating
1102,movie.rating
1103,movie.rating
1104,movie.rating
1105,movie.rating
1106,movie.rating
1107,movie.rating
1108,movie.rating
1109,movie.rating
1110,movie.directed_by
1111,movie.rating
1112,movie.rating
1113,movie.rating
1114,movie.rating
1115,movie.rating
1116,movie.subjects
1117,movie.rating
1118,movie.rating
1119,movie.rating
1120,movie.subjects
1121,movie.subjects
1122,movie.production_companies
1123,movie.country
1124,movie.country
1125,movie.country
1126,movie.country
1127,movie.produced_by
1128,movie.produced_by
1129,movie.directed_by
1130,movie.directed_by
1131,movie.directed_by
1132,movie.directed_by
1133,movie.produced_by
1134,movie.subjects
1135,movie.produced_by
1136,movie.produced_by
1137,movie.produced_by
1138,movie.produced_by
1139,movie.country
1140,movie.produced_by
1141,movie.produced_by
1142,movie.produced_by
1143,movie.starring.actor
1144,movie.starring.actor
1145,movie.production_companies
1146,movie.production_companies
1147,movie.production_companies
1148,movie.directed_by
1149,movie.directed_by
1150,movie.directed_by
1151,movie.directed_by
1152,movie.produced_by
1153,movie.directed_by
1154,movie.directed_by
1155,movie.directed_by
1156,movie.directed_by
1157,movie.directed_by
1158,movie.directed_by
1159,movie.directed_by
1160,movie.directed_by
1161,movie.directed_by
1162,movie.directed_by
1163,movie.directed_by
1164,movie.directed_by
1165,movie.directed_by
1166,movie.directed_by
1167,movie.directed_by
1168,movie.directed_by
1169,movie.directed_by
1170,movie.directed_by
1171,none
1172,movie.directed_by
1173,movie.directed_by
1174,movie.directed_by
1175,movie.directed_by
1176,movie.directed_by
1177,movie.directed_by
1178,movie.directed_by
1179,movie.directed_by
1180,movie.directed_by
1181,movie.directed_by
1182,movie.directed_by
1183,movie.directed_by
1184,movie.directed_by
1185,movie.directed_by
1186,movie.directed_by
1187,movie.directed_by
1188,movie.country
1189,movie.directed_by
1190,movie.directed_by
1191,movie.country_movie.language
1192,movie.genre
1193,movie.genre
1194,movie.directed_by
1195,movie.directed_by
1196,movie.directed_by
1197,movie.genre
1198,movie.subjects
1199,movie.subjects
1200,movie.subjects
1201,movie.subjects
1202,movie.subjects
1203,movie.production_companies
1204,movie.directed_by
1205,movie.starring.actor
1206,movie.country
1207,movie.country
1208,movie.country
1209,movie.country
1210,movie.country
1211,movie.country
1212,movie.country
1213,movie.country
1214,movie.country
1215,movie.country
1216,movie.country
1217,movie.country
1218,movie.country_movie.language
1219,movie.country_movie.language
1220,movie.country_movie.language
1221,movie.language
1222,movie.country_movie.language
1223,movie.language
1224,movie.country_movie.language
1225,movie.country_movie.language
1226,movie.language
1227,movie.country_movie.language
1228,movie.country_movie.language
1229,movie.rating
1230,movie.production_companies
1231,movie.production_companies
1232,movie.production_companies
1233,movie.starring.actor
1234,movie.starring.actor
1235,movie.starring.actor
1236,movie.subjects
1237,movie.subjects
1238,movie.subjects
1239,movie.subjects
1240,movie.subjects
1241,movie.genre
1242,movie.production_companies
1243,movie.production_companies
1244,movie.subjects
1245,movie.starring.actor
1246,movie.starring.actor
1247,movie.starring.actor
1248,movie.subjects
1249,movie.starring.actor
1250,movie.starring.actor
1251,movie.starring.actor
1252,movie.starring.actor
1253,movie.starring.actor
1254,movie.starring.actor
1255,movie.starring.actor
1256,movie.starring.actor
1257,movie.starring.actor
1258,movie.starring.actor
1259,movie.produced_by
1260,movie.produced_by
1261,movie.produced_by
1262,movie.directed_by
1263,movie.directed_by
1264,movie.directed_by
1265,movie.directed_by
1266,movie.directed_by
1267,movie.directed_by
1268,movie.directed_by
1269,movie.language
1270,movie.language
1271,movie.starring.actor
1272,movie.rating
1273,movie.starring.actor
1274,movie.produced_by
1275,movie.produced_by
1276,movie.produced_by
1277,movie.produced_by
1278,movie.produced_by
1279,movie.produced_by
1280,movie.produced_by
1281,movie.produced_by
1282,movie.initial_release_date
1283,movie.produced_by
1284,movie.produced_by
1285,movie.produced_by
1286,movie.starring.actor
1287,movie.starring.actor
1288,movie.starring.actor
1289,movie.directed_by
1290,movie.directed_by
1291,movie.directed_by
1292,movie.directed_by
1293,movie.genre
1294,movie.language
1295,movie.language
1296,movie.language
1297,none
1298,movie.genre
1299,movie.produced_by
1300,movie.directed_by
1301,movie.directed_by
1302,movie.directed_by
1303,movie.directed_by
1304,movie.directed_by
1305,movie.directed_by
1306,movie.directed_by
1307,movie.directed_by
1308,movie.produced_by
1309,movie.produced_by
1310,movie.production_companies
1311,movie.production_companies
1312,movie.production_companies
1313,movie.production_companies
1314,movie.production_companies
1315,movie.production_companies
1316,movie.production_companies
1317,movie.production_companies
1318,movie.production_companies
1319,movie.directed_by
1320,movie.starring.actor
1321,movie.starring.actor
1322,movie.starring.actor
1323,movie.directed_by
1324,movie.starring.actor
1325,movie.starring.actor
1326,movie.production_companies
1327,none
1328,none
1329,none
1330,none
1331,none
1332,none
1333,none
1334,none
1335,none
1336,none
1337,none
1338,none
1339,none
1340,none
1341,none
1342,none
1343,none
1344,none
1345,none
1346,none
1347,none
1348,none
1349,none
1350,none
1351,none
1352,none
1353,none
1354,none
1355,none
1356,none
1357,movie.starring.actor
1358,movie.directed_by
1359,movie.produced_by
1360,movie.starring.actor
1361,movie.starring.actor
1362,movie.starring.actor
1363,movie.starring.actor
1364,movie.starring.actor
1365,movie.starring.actor
1366,movie.starring.actor
1367,none
1368,none
1369,movie.production_companies
1370,movie.production_companies
1371,movie.production_companies
1372,movie.production_companies
1373,movie.production_companies
1374,movie.production_companies
1375,movie.production_companies
1376,movie.production_companies
1377,movie.production_companies
1378,movie.starring.actor
1379,movie.country_movie.language
1380,movie.starring.actor
1381,movie.directed_by
1382,movie.directed_by
1383,movie.directed_by
1384,movie.country_movie.language
1385,movie.country_movie.language
1386,movie.production_companies
1387,movie.production_companies
1388,movie.genre
1389,movie.production_companies
1390,movie.production_companies
1391,movie.language
1392,movie.country_movie.language
1393,movie.language
1394,movie.country_movie.language
1395,movie.country_movie.language
1396,movie.production_companies
1397,movie.starring.actor
1398,movie.starring.actor
1399,movie.starring.actor
1400,movie.starring.actor
1401,movie.directed_by
1402,movie.starring.actor
1403,movie.country_movie.language
1404,movie.produced_by
1405,movie.produced_by
1406,movie.produced_by
1407,movie.directed_by
1408,movie.directed_by
1409,movie.directed_by
1410,movie.directed_by
1411,movie.directed_by
1412,movie.country
1413,movie.directed_by
1414,movie.directed_by
1415,movie.directed_by
1416,movie.directed_by
1417,movie.directed_by
1418,movie.production_companies
1419,movie.language
1420,movie.language
1421,movie.language
1422,movie.country_movie.language
1423,movie.language
1424,movie.language
1425,movie.language
1426,movie.language
1427,none
1428,none
1429,none
1430,movie.starring.actor
1431,movie.starring.actor
1432,movie.starring.actor
1433,movie.starring.actor
1434,movie.starring.actor
1435,movie.starring.actor
1436,movie.starring.actor
1437,movie.directed_by
1438,movie.starring.actor
1439,movie.starring.actor
1440,movie.starring.actor
1441,movie.starring.actor
1442,movie.starring.actor
1443,movie.starring.actor
1444,movie.starring.actor
1445,movie.starring.actor
1446,movie.starring.actor
1447,movie.starring.actor
1448,movie.starring.actor
1449,movie.starring.actor
1450,movie.starring.actor
1451,movie.starring.actor
1452,movie.starring.actor
1453,movie.starring.actor
1454,movie.starring.actor
1455,movie.country
1456,movie.rating
1457,movie.rating
1458,movie.rating
1459,movie.rating
1460,movie.rating
1461,movie.rating
1462,movie.rating
1463,movie.rating
1464,movie.rating
1465,movie.rating
1466,movie.rating
1467,movie.rating
1468,movie.rating
1469,movie.rating
1470,movie.rating
1471,movie.rating
1472,movie.rating
1473,movie.rating
1474,movie.rating
1475,movie.rating
1476,movie.rating
1477,movie.rating
1478,movie.rating
1479,movie.rating
1480,movie.rating
1481,movie.rating
1482,movie.rating
1483,movie.rating
1484,movie.rating
1485,movie.rating
1486,movie.country
1487,movie.language
1488,movie.language
1489,movie.language
1490,movie.language
1491,movie.language
1492,movie.language
1493,movie.language
1494,movie.language
1495,movie.language
1496,movie.language
1497,movie.language
1498,movie.language
1499,movie.language
1500,movie.language
1501,movie.language
1502,movie.language
1503,movie.language
1504,movie.language
1505,movie.country_movie.language
1506,movie.country
1507,movie.country
1508,movie.genre
1509,movie.genre
1510,movie.country_movie.language
1511,movie.genre
1512,movie.language
1513,movie.directed_by
1514,movie.directed_by
1515,movie.country_movie.language
1516,movie.subjects
1517,movie.subjects
1518,movie.subjects
1519,movie.subjects
1520,movie.subjects
1521,movie.subjects
1522,movie.subjects
1523,movie.subjects
1524,movie.subjects
1525,movie.subjects
1526,movie.subjects
1527,movie.subjects
1528,movie.subjects
1529,movie.subjects
1530,movie.subjects
1531,movie.subjects
1532,movie.subjects
1533,movie.subjects
1534,movie.subjects
1535,movie.subjects
1536,movie.subjects
1537,movie.subjects
1538,movie.subjects
1539,movie.subjects
1540,movie.directed_by
1541,movie.subjects
1542,movie.directed_by
1543,movie.directed_by
1544,movie.country_movie.language
1545,movie.country_movie.language
1546,movie.country_movie.language
1547,movie.language
1548,movie.genre
1549,movie.genre
1550,movie.starring.actor
1551,movie.starring.actor
1552,movie.country_movie.language
1553,movie.produced_by
1554,movie.country_movie.language
1555,movie.country_movie.language
1556,movie.country_movie.language
1557,movie.rating
1558,movie.produced_by
1559,movie.produced_by
1560,movie.produced_by
1561,movie.produced_by
1562,movie.produced_by
1563,movie.produced_by
1564,movie.language
1565,movie.starring.actor
1566,movie.starring.actor
1567,movie.directed_by
1568,movie.country
1569,movie.country
1570,movie.country
1571,none
1572,none
1573,none
1574,none
1575,none
1576,none
1577,none
1578,none
1579,none
1580,none
1581,none
1582,none
1583,none
1584,none
1585,none
1586,none
1587,none
1588,none
1589,none
1590,movie.directed_by
1591,movie.starring.actor
1592,none
1593,none
1594,none
1595,none
1596,none
1597,none
1598,movie.starring.actor
1599,none
1600,none
1601,none
1602,none
1603,none
1604,none
1605,none
1606,none
1607,none
1608,movie.starring.actor
1609,movie.starring.actor
1610,movie.starring.actor
1611,movie.starring.actor
1612,movie.starring.actor
1613,movie.starring.actor
1614,movie.starring.actor
1615,movie.starring.actor
1616,movie.starring.actor
1617,movie.starring.actor
1618,movie.starring.actor
1619,movie.starring.actor
1620,movie.subjects
1621,movie.produced_by
1622,movie.produced_by
1623,movie.produced_by
1624,movie.produced_by
1625,movie.produced_by
1626,movie.produced_by
1627,movie.produced_by
1628,movie.rating
1629,movie.subjects
1630,movie.subjects
1631,movie.starring.actor
1632,movie.estimated_budget
1633,movie.directed_by
1634,movie.directed_by
1635,movie.directed_by
1636,movie.directed_by
1637,movie.directed_by
1638,movie.directed_by
1639,movie.directed_by
1640,movie.directed_by
1641,movie.directed_by
1642,none
1643,movie.starring.actor
1644,movie.starring.actor
1645,movie.subjects
1646,movie.subjects
1647,movie.subjects
1648,movie.subjects
1649,movie.subjects
1650,movie.subjects
1651,movie.subjects
1652,movie.subjects
1653,movie.country
1654,movie.starring.actor
1655,none
1656,none
1657,none
1658,none
1659,none
1660,none
1661,none
1662,none
1663,none
1664,none
1665,none
1666,none
1667,none
1668,none
1669,none
1670,movie.language
1671,movie.language
1672,movie.language
1673,movie.language
1674,movie.language
1675,movie.language
1676,movie.produced_by
1677,movie.produced_by
1678,movie.starring.actor
1679,movie.starring.actor
1680,movie.starring.actor
1681,movie.starring.actor
1682,movie.starring.actor
1683,movie.starring.actor
1684,movie.starring.actor
1685,movie.starring.actor
1686,movie.starring.actor
1687,movie.starring.actor
1688,movie.produced_by
1689,movie.produced_by
1690,movie.produced_by
1691,movie.produced_by
1692,movie.produced_by
1693,movie.directed_by
1694,movie.directed_by
1695,movie.estimated_budget
1696,movie.subjects
1697,none
1698,none
1699,none
1700,none
1701,none
1702,none
1703,none
1704,none
1705,none
1706,none
1707,none
1708,movie.subjects
1709,movie.subjects
1710,movie.genre
1711,movie.production_companies
1712,movie.rating
1713,movie.rating
1714,movie.rating
1715,movie.rating
1716,movie.rating
1717,movie.rating
1718,movie.rating
1719,movie.rating
1720,movie.rating
1721,movie.rating
1722,movie.rating
1723,movie.rating
1724,movie.rating
1725,movie.rating
1726,movie.rating
1727,movie.rating
1728,movie.rating
1729,movie.rating
1730,movie.rating
1731,movie.rating
1732,movie.rating
1733,movie.rating
1734,movie.rating
1735,movie.rating
1736,movie.rating
1737,movie.rating
1738,movie.rating
1739,movie.rating
1740,movie.rating
1741,movie.rating
1742,movie.rating
1743,movie.rating
1744,movie.rating
1745,movie.rating
1746,movie.rating
1747,movie.country_movie.language
1748,movie.genre
1749,none
1750,movie.directed_by
1751,movie.directed_by
1752,movie.directed_by
1753,movie.directed_by
1754,movie.directed_by
1755,movie.directed_by
1756,movie.directed_by
1757,movie.directed_by
1758,movie.directed_by
1759,movie.directed_by
1760,movie.directed_by
1761,movie.directed_by
1762,movie.directed_by
1763,movie.directed_by
1764,none
1765,movie.directed_by
1766,movie.directed_by
1767,none
1768,movie.directed_by
1769,movie.directed_by
1770,movie.subjects
1771,movie.subjects
1772,movie.subjects
1773,movie.subjects
1774,movie.produced_by
1775,movie.produced_by
1776,movie.produced_by
1777,movie.directed_by
1778,movie.directed_by
1779,movie.directed_by
1780,movie.directed_by
1781,movie.directed_by
1782,movie.directed_by
1783,movie.language
1784,movie.initial_release_date
1785,none
1786,movie.language
1787,none
1788,none
1789,none
1790,none
1791,none
1792,none
1793,none
1794,movie.country
1795,none
1796,movie.produced_by
1797,movie.produced_by
1798,movie.produced_by
1799,movie.produced_by
1800,none
1801,none
1802,none
1803,movie.starring.actor
1804,none
1805,none
1806,none
1807,none
1808,movie.starring.actor
1809,movie.starring.actor
1810,none
1811,movie.starring.actor
1812,movie.directed_by
1813,movie.directed_by
1814,movie.directed_by
1815,movie.directed_by
1816,movie.directed_by
1817,none
1818,movie.directed_by
1819,none
1820,movie.starring.actor
1821,none
1822,none
1823,none
1824,none
1825,none
1826,none
1827,none
1828,none
1829,movie.directed_by
1830,none
1831,none
1832,none
1833,none
1834,none
1835,movie.directed_by
1836,none
1837,none
1838,none
1839,none
1840,none
1841,none
1842,none
1843,none
1844,none
1845,none
1846,none
1847,none
1848,none
1849,none
1850,none
1851,none
1852,none
1853,none
1854,none
1855,none
1856,none
1857,none
1858,none
1859,none
1860,none
1861,none
1862,movie.starring.actor
1863,movie.starring.actor
1864,movie.starring.actor
1865,none
1866,none
1867,none
1868,none
1869,none
1870,none
1871,none
1872,movie.directed_by
1873,none
1874,none
1875,none
1876,none
1877,none
1878,movie.starring.actor
1879,none
1880,none
1881,none
1882,movie.directed_by
1883,none
1884,none
1885,none
1886,none
1887,none
1888,none
1889,none
1890,movie.directed_by
1891,none
1892,none
1893,none
1894,movie.directed_by
1895,none
1896,none
1897,movie.starring.actor
1898,none
1899,none
1900,none
1901,none
1902,none
1903,none
1904,none
1905,none
1906,none
1907,movie.directed_by
1908,movie.directed_by
1909,none
1910,none
1911,none
1912,none
1913,movie.produced_by
1914,movie.production_companies
1915,movie.produced_by
1916,movie.produced_by
1917,movie.produced_by
1918,movie.produced_by
1919,movie.production_companies
1920,movie.production_companies
1921,movie.produced_by
1922,movie.produced_by
1923,movie.produced_by
1924,movie.produced_by
1925,movie.produced_by
1926,movie.produced_by
1927,movie.produced_by
1928,movie.produced_by
1929,movie.produced_by
1930,movie.production_companies
1931,movie.production_companies
1932,movie.production_companies
1933,movie.production_companies
1934,movie.production_companies
1935,movie.production_companies
1936,movie.production_companies
1937,movie.produced_by
1938,movie.estimated_budget
1939,movie.produced_by
1940,movie.produced_by
1941,movie.produced_by
1942,movie.produced_by
1943,movie.produced_by
1944,movie.produced_by
1945,movie.produced_by
1946,movie.produced_by
1947,movie.produced_by
1948,movie.produced_by
1949,movie.produced_by
1950,movie.produced_by
1951,movie.produced_by
1952,movie.produced_by
1953,movie.produced_by
1954,movie.produced_by
1955,movie.produced_by
1956,movie.produced_by
1957,movie.produced_by
1958,movie.produced_by
1959,movie.produced_by
1960,movie.produced_by
1961,movie.produced_by
1962,movie.produced_by
1963,movie.produced_by
1964,movie.produced_by
1965,none
1966,movie.production_companies
1967,none
1968,none
1969,none
1970,none
1971,none
1972,none
1973,movie.production_companies
1974,movie.produced_by
1975,movie.produced_by
1976,movie.produced_by
1977,movie.produced_by
1978,movie.produced_by
1979,movie.produced_by
1980,movie.produced_by
1981,movie.produced_by
1982,movie.produced_by
1983,movie.produced_by
1984,movie.produced_by
1985,movie.production_companies
1986,movie.production_companies
1987,none
1988,none
1989,none
1990,none
1991,movie.produced_by
1992,movie.produced_by
1993,movie.produced_by
1994,movie.production_companies
1995,movie.produced_by
1996,movie.produced_by
1997,movie.production_companies
1998,movie.production_companies
1999,movie.production_companies
2000,movie.produced_by
2001,movie.produced_by
2002,movie.produced_by
2003,movie.produced_by
2004,movie.produced_by
2005,movie.produced_by
2006,movie.produced_by
2007,movie.production_companies
2008,movie.produced_by
2009,movie.produced_by
2010,movie.produced_by
2011,movie.produced_by
2012,movie.produced_by
2013,movie.produced_by
2014,movie.produced_by
2015,movie.produced_by
2016,movie.production_companies
2017,movie.produced_by
2018,movie.produced_by
2019,none
2020,movie.produced_by
2021,movie.produced_by
2022,movie.produced_by
2023,movie.produced_by
2024,movie.produced_by
2025,movie.produced_by
2026,movie.produced_by
2027,movie.produced_by
2028,movie.produced_by
2029,movie.produced_by
2030,movie.produced_by
2031,movie.produced_by
2032,movie.produced_by
2033,movie.produced_by
2034,movie.produced_by
2035,movie.produced_by
2036,none
2037,movie.production_companies
2038,movie.estimated_budget
2039,movie.produced_by
2040,movie.produced_by
2041,movie.rating
2042,movie.rating
2043,movie.rating
2044,movie.rating
2045,movie.rating
2046,movie.rating
2047,movie.rating
2048,movie.rating
2049,movie.rating
2050,movie.rating
2051,movie.rating
2052,movie.rating
2053,movie.rating
2054,movie.rating
2055,movie.rating
2056,movie.rating
2057,movie.rating
2058,movie.rating
2059,movie.rating
2060,movie.rating
2061,movie.rating
2062,movie.rating
2063,movie.rating
2064,movie.rating
2065,movie.rating
2066,movie.rating
2067,movie.rating
2068,movie.rating
2069,movie.rating
2070,movie.rating
2071,movie.rating
2072,movie.rating
2073,movie.rating
2074,movie.rating
2075,movie.rating
2076,movie.rating
2077,movie.rating
2078,movie.rating
2079,movie.rating
2080,movie.rating
2081,movie.rating
2082,movie.rating
2083,movie.rating
2084,movie.rating
2085,movie.rating
2086,movie.rating
2087,movie.estimated_budget
2088,movie.rating
2089,movie.rating
2090,movie.rating
2091,movie.rating
2092,movie.rating
2093,movie.rating
2094,movie.rating
2095,movie.rating
2096,movie.rating
2097,movie.rating
2098,movie.rating
2099,movie.rating
2100,movie.rating
2101,movie.rating
2102,movie.rating
2103,movie.gross_revenue
2104,movie.gross_revenue
2105,movie.gross_revenue
2106,movie.gross_revenue
2107,movie.gross_revenue
2108,movie.estimated_budget
2109,movie.gross_revenue
2110,movie.gross_revenue
2111,movie.gross_revenue
2112,movie.gross_revenue
2113,movie.gross_revenue
2114,movie.estimated_budget
2115,movie.gross_revenue
2116,movie.gross_revenue
2117,movie.gross_revenue
2118,movie.directed_by
2119,movie.gross_revenue
2120,movie.gross_revenue
2121,movie.gross_revenue
2122,movie.gross_revenue
2123,movie.estimated_budget
2124,movie.gross_revenue
2125,movie.gross_revenue
2126,movie.gross_revenue
